run_id                                          , timestamp      , __training, batch_size, buffer_size, beta  , epsilon, lambd             , num_epoch, learning_rate, behavior_name, env_path                                                                            , max_steps, seed, time_horizon, summary_freq, num_layers, cpu_count, ram_gb, gpu_name, gpu_mem_gb, mean_reward, platform                    , user
20251112-004733-3DBall-ppo-lr5e-05-bs1024-sanity, 20251112-004733, ppo       ,       1024,     10240.0, 0.0005,     0.2, 0.95              ,       3.0, 5e-05        , 3DBall       ,                                                                                     ,     10000,    1,         64.0,      10000.0,        2.0,         8,   16.0, Apple M3, 16 GB     ,       1.022, macOS-15.6.1-arm64-arm-64bit, mariamkamara
20251112-005533-3DBall-ppo-lr0.0003-bs2048      , 20251112-005533, ppo       ,       2048,     10240.0, 0.0005,     0.2, 0.8               ,       3.0, 0.0003       , 3DBall       ,                                                                                     ,    500000,    1,         64.0,      10000.0,        2.0,         8,   16.0, Apple M3, 16 GB     ,      25.473, macOS-15.6.1-arm64-arm-64bit, mariamkamara
20251112-010111-3DBall-ppo-lr0.0003-bs2048      , 20251112-010111, ppo       ,       2048,            ,       ,        ,                   ,          , 0.0003       , 3DBall       ,                                                                                     ,    500000,    1,             ,             ,           ,         8,   16.0, Apple M3, 16 GB     ,       0.0  , macOS-15.6.1-arm64-arm-64bit, mariamkamara
20251116-225211-3DBall-ppo-lr0.0003-bs2048      , 20251116-225211, ppo       ,       2048,     10240.0, 0.0005,     0.2, 0.8               ,       3.0, 0.0003       , 3DBall       ,                                                                                     ,    500000,    1,         64.0,      10000.0,        2.0,         8,   16.0, Apple M3, 16 GB     ,      25.473, macOS-15.6.1-arm64-arm-64bit, mariamkamara
20251117-230902-3DBall-ppo-lr0.0003-bs2048      , 20251117-230902, ppo       ,       2048,     10240.0, 0.0005,     0.2, 0.8               ,       3.0, 0.0003       , 3DBall       , /Users/mariamkamara/Desktop/Project2-1/ml-agents/Project/Build/3DBallBuild.app      ,    500000,    1,         64.0,      10000.0,        2.0,         8,   16.0, Apple M3, 16 GB     ,      25.188, macOS-15.6.1-arm64-arm-64bit, mariamkamara
20251117-231222-3DBall-ppo-lr0.0003-bs2048      , 20251117-231222, ppo       ,       2048,     10240.0, 0.0005,     0.2, 0.8               ,       3.0, 0.0003       , 3DBall       , /Users/mariamkamara/Desktop/Project2-1/ml-agents/Project/Build/3DBallBuild.app      ,    500000,    1,         64.0,      10000.0,        2.0,         8,   16.0, Apple M3, 16 GB     ,      25.188, macOS-15.6.1-arm64-arm-64bit, mariamkamara
20251117-231543-3DBall-ppo-lr0.0003-bs2048      , 20251117-231543, ppo       ,       2048,     10240.0, 0.0005,     0.2, 0.8               ,       3.0, 0.0003       , 3DBall       , /Users/mariamkamara/Desktop/Project2-1/ml-agents/Project/Build/3DBallBuild.app      ,    500000,    1,         64.0,      10000.0,        2.0,         8,   16.0, Apple M3, 16 GB     ,      25.188, macOS-15.6.1-arm64-arm-64bit, mariamkamara
20251117-231907-3DBall-ppo-lr0.0003-bs2048      , 20251117-231907, ppo       ,       2048,     10240.0, 0.0005,     0.2, 0.8500000000000001,       3.0, 0.0003       , 3DBall       , /Users/mariamkamara/Desktop/Project2-1/ml-agents/Project/Build/3DBallBuild.app      ,    500000,    1,         64.0,      10000.0,        2.0,         8,   16.0, Apple M3, 16 GB     ,      24.623, macOS-15.6.1-arm64-arm-64bit, mariamkamara
20251117-232217-3DBall-ppo-lr0.0003-bs2048      , 20251117-232217, ppo       ,       2048,     10240.0, 0.0005,     0.2, 0.8500000000000001,       3.0, 0.0003       , 3DBall       , /Users/mariamkamara/Desktop/Project2-1/ml-agents/Project/Build/3DBallBuild.app      ,    500000,    1,         64.0,      10000.0,        2.0,         8,   16.0, Apple M3, 16 GB     ,      24.623, macOS-15.6.1-arm64-arm-64bit, mariamkamara
20251117-232527-3DBall-ppo-lr0.0003-bs2048      , 20251117-232527, ppo       ,       2048,     10240.0, 0.0005,     0.2, 0.8500000000000001,       3.0, 0.0003       , 3DBall       , /Users/mariamkamara/Desktop/Project2-1/ml-agents/Project/Build/3DBallBuild.app      ,    500000,    1,         64.0,      10000.0,        2.0,         8,   16.0, Apple M3, 16 GB     ,      24.623, macOS-15.6.1-arm64-arm-64bit, mariamkamara
20251117-232836-3DBall-ppo-lr0.0003-bs2048      , 20251117-232836, ppo       ,       2048,     10240.0, 0.0005,     0.2, 0.9               ,       3.0, 0.0003       , 3DBall       , /Users/mariamkamara/Desktop/Project2-1/ml-agents/Project/Build/3DBallBuild.app      ,    500000,    1,         64.0,      10000.0,        2.0,         8,   16.0, Apple M3, 16 GB     ,      39.264, macOS-15.6.1-arm64-arm-64bit, mariamkamara
20251117-233142-3DBall-ppo-lr0.0003-bs2048      , 20251117-233142, ppo       ,       2048,     10240.0, 0.0005,     0.2, 0.9               ,       3.0, 0.0003       , 3DBall       , /Users/mariamkamara/Desktop/Project2-1/ml-agents/Project/Build/3DBallBuild.app      ,    500000,    1,         64.0,      10000.0,        2.0,         8,   16.0, Apple M3, 16 GB     ,      39.264, macOS-15.6.1-arm64-arm-64bit, mariamkamara
20251117-233450-3DBall-ppo-lr0.0003-bs2048      , 20251117-233450, ppo       ,       2048,     10240.0, 0.0005,     0.2, 0.9               ,       3.0, 0.0003       , 3DBall       , /Users/mariamkamara/Desktop/Project2-1/ml-agents/Project/Build/3DBallBuild.app      ,    500000,    1,         64.0,      10000.0,        2.0,         8,   16.0, Apple M3, 16 GB     ,      39.264, macOS-15.6.1-arm64-arm-64bit, mariamkamara
20251117-233756-3DBall-ppo-lr0.0003-bs2048      , 20251117-233756, ppo       ,       2048,     10240.0, 0.0005,     0.2, 0.95              ,       3.0, 0.0003       , 3DBall       , /Users/mariamkamara/Desktop/Project2-1/ml-agents/Project/Build/3DBallBuild.app      ,    500000,    1,         64.0,      10000.0,        2.0,         8,   16.0, Apple M3, 16 GB     ,      24.413, macOS-15.6.1-arm64-arm-64bit, mariamkamara
20251117-234100-3DBall-ppo-lr0.0003-bs2048      , 20251117-234100, ppo       ,       2048,     10240.0, 0.0005,     0.2, 0.95              ,       3.0, 0.0003       , 3DBall       , /Users/mariamkamara/Desktop/Project2-1/ml-agents/Project/Build/3DBallBuild.app      ,    500000,    1,         64.0,      10000.0,        2.0,         8,   16.0, Apple M3, 16 GB     ,      24.413, macOS-15.6.1-arm64-arm-64bit, mariamkamara
20251117-234919-3DBall-ppo-lr0.0003-bs2048      , 20251117-234919, ppo       ,       2048,     10240.0, 0.0005,     0.2, 0.8               ,       3.0, 0.0003       , 3DBall       , /Users/mariamkamara/Desktop/Project2-1/ml-agents/Project/Build/3DBallBuild.app      ,    500000,    1,         64.0,      10000.0,        2.0,         8,   16.0, Apple M3, 16 GB     ,      25.188, macOS-15.6.1-arm64-arm-64bit, mariamkamara
20251117-235226-3DBall-ppo-lr0.0003-bs2048      , 20251117-235226, ppo       ,       2048,     10240.0, 0.0005,     0.2, 0.8               ,       3.0, 0.0003       , 3DBall       , /Users/mariamkamara/Desktop/Project2-1/ml-agents/Project/Build/3DBallBuild.app      ,    500000,    1,         64.0,      10000.0,        2.0,         8,   16.0, Apple M3, 16 GB     ,      25.188, macOS-15.6.1-arm64-arm-64bit, mariamkamara
20251117-235530-3DBall-ppo-lr0.0003-bs2048      , 20251117-235530, ppo       ,       2048,     10240.0, 0.0005,     0.2, 0.8               ,       3.0, 0.0003       , 3DBall       , /Users/mariamkamara/Desktop/Project2-1/ml-agents/Project/Build/3DBallBuild.app      ,    500000,    1,         64.0,      10000.0,        2.0,         8,   16.0, Apple M3, 16 GB     ,      25.188, macOS-15.6.1-arm64-arm-64bit, mariamkamara
20251117-235837-3DBall-ppo-lr0.0003-bs2048      , 20251117-235837, ppo       ,       2048,     10240.0, 0.0005,     0.2, 0.8               ,       3.0, 0.0003       , 3DBall       , /Users/mariamkamara/Desktop/Project2-1/ml-agents/Project/Build/3DBallBuild.app      ,    500000,    1,         64.0,      10000.0,        2.0,         8,   16.0, Apple M3, 16 GB     ,      25.188, macOS-15.6.1-arm64-arm-64bit, mariamkamara
20251118-000144-3DBall-ppo-lr0.0003-bs2048      , 20251118-000144, ppo       ,       2048,     10240.0, 0.0005,     0.2, 0.8               ,       3.0, 0.0003       , 3DBall       , /Users/mariamkamara/Desktop/Project2-1/ml-agents/Project/Build/3DBallBuild.app      ,    500000,    1,         64.0,      10000.0,        2.0,         8,   16.0, Apple M3, 16 GB     ,      25.188, macOS-15.6.1-arm64-arm-64bit, mariamkamara
20251118-000449-3DBall-ppo-lr0.0003-bs2048      , 20251118-000449, ppo       ,       2048,     10240.0, 0.0005,     0.2, 0.8181818181818182,       3.0, 0.0003       , 3DBall       , /Users/mariamkamara/Desktop/Project2-1/ml-agents/Project/Build/3DBallBuild.app      ,    500000,    1,         64.0,      10000.0,        2.0,         8,   16.0, Apple M3, 16 GB     ,      20.367, macOS-15.6.1-arm64-arm-64bit, mariamkamara
20251118-000754-3DBall-ppo-lr0.0003-bs2048      , 20251118-000754, ppo       ,       2048,     10240.0, 0.0005,     0.2, 0.8181818181818182,       3.0, 0.0003       , 3DBall       , /Users/mariamkamara/Desktop/Project2-1/ml-agents/Project/Build/3DBallBuild.app      ,    500000,    1,         64.0,      10000.0,        2.0,         8,   16.0, Apple M3, 16 GB     ,      20.367, macOS-15.6.1-arm64-arm-64bit, mariamkamara
20251118-001058-3DBall-ppo-lr0.0003-bs2048      , 20251118-001058, ppo       ,       2048,     10240.0, 0.0005,     0.2, 0.8181818181818182,       3.0, 0.0003       , 3DBall       , /Users/mariamkamara/Desktop/Project2-1/ml-agents/Project/Build/3DBallBuild.app      ,    500000,    1,         64.0,      10000.0,        2.0,         8,   16.0, Apple M3, 16 GB     ,      20.367, macOS-15.6.1-arm64-arm-64bit, mariamkamara
20251118-001402-3DBall-ppo-lr0.0003-bs2048      , 20251118-001402, ppo       ,       2048,     10240.0, 0.0005,     0.2, 0.8181818181818182,       3.0, 0.0003       , 3DBall       , /Users/mariamkamara/Desktop/Project2-1/ml-agents/Project/Build/3DBallBuild.app      ,    500000,    1,         64.0,      10000.0,        2.0,         8,   16.0, Apple M3, 16 GB     ,      20.367, macOS-15.6.1-arm64-arm-64bit, mariamkamara
20251118-001706-3DBall-ppo-lr0.0003-bs2048      , 20251118-001706, ppo       ,       2048,     10240.0, 0.0005,     0.2, 0.8181818181818182,       3.0, 0.0003       , 3DBall       , /Users/mariamkamara/Desktop/Project2-1/ml-agents/Project/Build/3DBallBuild.app      ,    500000,    1,         64.0,      10000.0,        2.0,         8,   16.0, Apple M3, 16 GB     ,      20.367, macOS-15.6.1-arm64-arm-64bit, mariamkamara
20251118-002009-3DBall-ppo-lr0.0003-bs2048      , 20251118-002009, ppo       ,       2048,     10240.0, 0.0005,     0.2, 0.8363636363636364,       3.0, 0.0003       , 3DBall       , /Users/mariamkamara/Desktop/Project2-1/ml-agents/Project/Build/3DBallBuild.app      ,    500000,    1,         64.0,      10000.0,        2.0,         8,   16.0, Apple M3, 16 GB     ,      27.079, macOS-15.6.1-arm64-arm-64bit, mariamkamara
20251118-002313-3DBall-ppo-lr0.0003-bs2048      , 20251118-002313, ppo       ,       2048,     10240.0, 0.0005,     0.2, 0.8363636363636364,       3.0, 0.0003       , 3DBall       , /Users/mariamkamara/Desktop/Project2-1/ml-agents/Project/Build/3DBallBuild.app      ,    500000,    1,         64.0,      10000.0,        2.0,         8,   16.0, Apple M3, 16 GB     ,      27.079, macOS-15.6.1-arm64-arm-64bit, mariamkamara
20251118-002617-3DBall-ppo-lr0.0003-bs2048      , 20251118-002617, ppo       ,       2048,     10240.0, 0.0005,     0.2, 0.8363636363636364,       3.0, 0.0003       , 3DBall       , /Users/mariamkamara/Desktop/Project2-1/ml-agents/Project/Build/3DBallBuild.app      ,    500000,    1,         64.0,      10000.0,        2.0,         8,   16.0, Apple M3, 16 GB     ,      27.079, macOS-15.6.1-arm64-arm-64bit, mariamkamara
20251118-002920-3DBall-ppo-lr0.0003-bs2048      , 20251118-002920, ppo       ,       2048,     10240.0, 0.0005,     0.2, 0.8363636363636364,       3.0, 0.0003       , 3DBall       , /Users/mariamkamara/Desktop/Project2-1/ml-agents/Project/Build/3DBallBuild.app      ,    500000,    1,         64.0,      10000.0,        2.0,         8,   16.0, Apple M3, 16 GB     ,      27.079, macOS-15.6.1-arm64-arm-64bit, mariamkamara
20251118-003225-3DBall-ppo-lr0.0003-bs2048      , 20251118-003225, ppo       ,       2048,     10240.0, 0.0005,     0.2, 0.8363636363636364,       3.0, 0.0003       , 3DBall       , /Users/mariamkamara/Desktop/Project2-1/ml-agents/Project/Build/3DBallBuild.app      ,    500000,    1,         64.0,      10000.0,        2.0,         8,   16.0, Apple M3, 16 GB     ,      27.079, macOS-15.6.1-arm64-arm-64bit, mariamkamara
20251118-003528-3DBall-ppo-lr0.0003-bs2048      , 20251118-003528, ppo       ,       2048,     10240.0, 0.0005,     0.2, 0.8545454545454546,       3.0, 0.0003       , 3DBall       , /Users/mariamkamara/Desktop/Project2-1/ml-agents/Project/Build/3DBallBuild.app      ,    500000,    1,         64.0,      10000.0,        2.0,         8,   16.0, Apple M3, 16 GB     ,      30.361, macOS-15.6.1-arm64-arm-64bit, mariamkamara
20251118-003832-3DBall-ppo-lr0.0003-bs2048      , 20251118-003832, ppo       ,       2048,     10240.0, 0.0005,     0.2, 0.8545454545454546,       3.0, 0.0003       , 3DBall       , /Users/mariamkamara/Desktop/Project2-1/ml-agents/Project/Build/3DBallBuild.app      ,    500000,    1,         64.0,      10000.0,        2.0,         8,   16.0, Apple M3, 16 GB     ,      30.361, macOS-15.6.1-arm64-arm-64bit, mariamkamara
20251118-004136-3DBall-ppo-lr0.0003-bs2048      , 20251118-004136, ppo       ,       2048,     10240.0, 0.0005,     0.2, 0.8545454545454546,       3.0, 0.0003       , 3DBall       , /Users/mariamkamara/Desktop/Project2-1/ml-agents/Project/Build/3DBallBuild.app      ,    500000,    1,         64.0,      10000.0,        2.0,         8,   16.0, Apple M3, 16 GB     ,      30.361, macOS-15.6.1-arm64-arm-64bit, mariamkamara
20251118-004439-3DBall-ppo-lr0.0003-bs2048      , 20251118-004439, ppo       ,       2048,     10240.0, 0.0005,     0.2, 0.8545454545454546,       3.0, 0.0003       , 3DBall       , /Users/mariamkamara/Desktop/Project2-1/ml-agents/Project/Build/3DBallBuild.app      ,    500000,    1,         64.0,      10000.0,        2.0,         8,   16.0, Apple M3, 16 GB     ,      30.361, macOS-15.6.1-arm64-arm-64bit, mariamkamara
20251118-004744-3DBall-ppo-lr0.0003-bs2048      , 20251118-004744, ppo       ,       2048,     10240.0, 0.0005,     0.2, 0.8545454545454546,       3.0, 0.0003       , 3DBall       , /Users/mariamkamara/Desktop/Project2-1/ml-agents/Project/Build/3DBallBuild.app      ,    500000,    1,         64.0,      10000.0,        2.0,         8,   16.0, Apple M3, 16 GB     ,      30.361, macOS-15.6.1-arm64-arm-64bit, mariamkamara
20251118-005048-3DBall-ppo-lr0.0003-bs2048      , 20251118-005048, ppo       ,       2048,     10240.0, 0.0005,     0.2, 0.8727272727272728,       3.0, 0.0003       , 3DBall       , /Users/mariamkamara/Desktop/Project2-1/ml-agents/Project/Build/3DBallBuild.app      ,    500000,    1,         64.0,      10000.0,        2.0,         8,   16.0, Apple M3, 16 GB     ,      20.433, macOS-15.6.1-arm64-arm-64bit, mariamkamara
20251118-005352-3DBall-ppo-lr0.0003-bs2048      , 20251118-005352, ppo       ,       2048,     10240.0, 0.0005,     0.2, 0.8727272727272728,       3.0, 0.0003       , 3DBall       , /Users/mariamkamara/Desktop/Project2-1/ml-agents/Project/Build/3DBallBuild.app      ,    500000,    1,         64.0,      10000.0,        2.0,         8,   16.0, Apple M3, 16 GB     ,      20.433, macOS-15.6.1-arm64-arm-64bit, mariamkamara
20251118-005657-3DBall-ppo-lr0.0003-bs2048      , 20251118-005657, ppo       ,       2048,     10240.0, 0.0005,     0.2, 0.8727272727272728,       3.0, 0.0003       , 3DBall       , /Users/mariamkamara/Desktop/Project2-1/ml-agents/Project/Build/3DBallBuild.app      ,    500000,    1,         64.0,      10000.0,        2.0,         8,   16.0, Apple M3, 16 GB     ,      20.433, macOS-15.6.1-arm64-arm-64bit, mariamkamara
20251118-010002-3DBall-ppo-lr0.0003-bs2048      , 20251118-010002, ppo       ,       2048,     10240.0, 0.0005,     0.2, 0.8727272727272728,       3.0, 0.0003       , 3DBall       , /Users/mariamkamara/Desktop/Project2-1/ml-agents/Project/Build/3DBallBuild.app      ,    500000,    1,         64.0,      10000.0,        2.0,         8,   16.0, Apple M3, 16 GB     ,      20.433, macOS-15.6.1-arm64-arm-64bit, mariamkamara
20251118-010306-3DBall-ppo-lr0.0003-bs2048      , 20251118-010306, ppo       ,       2048,     10240.0, 0.0005,     0.2, 0.8727272727272728,       3.0, 0.0003       , 3DBall       , /Users/mariamkamara/Desktop/Project2-1/ml-agents/Project/Build/3DBallBuild.app      ,    500000,    1,         64.0,      10000.0,        2.0,         8,   16.0, Apple M3, 16 GB     ,      20.433, macOS-15.6.1-arm64-arm-64bit, mariamkamara
20251118-010610-3DBall-ppo-lr0.0003-bs2048      , 20251118-010610, ppo       ,       2048,     10240.0, 0.0005,     0.2, 0.8909090909090909,       3.0, 0.0003       , 3DBall       , /Users/mariamkamara/Desktop/Project2-1/ml-agents/Project/Build/3DBallBuild.app      ,    500000,    1,         64.0,      10000.0,        2.0,         8,   16.0, Apple M3, 16 GB     ,      34.031, macOS-15.6.1-arm64-arm-64bit, mariamkamara
20251118-010915-3DBall-ppo-lr0.0003-bs2048      , 20251118-010915, ppo       ,       2048,     10240.0, 0.0005,     0.2, 0.8909090909090909,       3.0, 0.0003       , 3DBall       , /Users/mariamkamara/Desktop/Project2-1/ml-agents/Project/Build/3DBallBuild.app      ,    500000,    1,         64.0,      10000.0,        2.0,         8,   16.0, Apple M3, 16 GB     ,      34.031, macOS-15.6.1-arm64-arm-64bit, mariamkamara
20251118-011219-3DBall-ppo-lr0.0003-bs2048      , 20251118-011219, ppo       ,       2048,     10240.0, 0.0005,     0.2, 0.8909090909090909,       3.0, 0.0003       , 3DBall       , /Users/mariamkamara/Desktop/Project2-1/ml-agents/Project/Build/3DBallBuild.app      ,    500000,    1,         64.0,      10000.0,        2.0,         8,   16.0, Apple M3, 16 GB     ,      34.031, macOS-15.6.1-arm64-arm-64bit, mariamkamara
20251118-011523-3DBall-ppo-lr0.0003-bs2048      , 20251118-011523, ppo       ,       2048,     10240.0, 0.0005,     0.2, 0.8909090909090909,       3.0, 0.0003       , 3DBall       , /Users/mariamkamara/Desktop/Project2-1/ml-agents/Project/Build/3DBallBuild.app      ,    500000,    1,         64.0,      10000.0,        2.0,         8,   16.0, Apple M3, 16 GB     ,      34.031, macOS-15.6.1-arm64-arm-64bit, mariamkamara
20251118-011827-3DBall-ppo-lr0.0003-bs2048      , 20251118-011827, ppo       ,       2048,     10240.0, 0.0005,     0.2, 0.8909090909090909,       3.0, 0.0003       , 3DBall       , /Users/mariamkamara/Desktop/Project2-1/ml-agents/Project/Build/3DBallBuild.app      ,    500000,    1,         64.0,      10000.0,        2.0,         8,   16.0, Apple M3, 16 GB     ,      34.031, macOS-15.6.1-arm64-arm-64bit, mariamkamara
20251118-012131-3DBall-ppo-lr0.0003-bs2048      , 20251118-012131, ppo       ,       2048,     10240.0, 0.0005,     0.2, 0.9090909090909092,       3.0, 0.0003       , 3DBall       , /Users/mariamkamara/Desktop/Project2-1/ml-agents/Project/Build/3DBallBuild.app      ,    500000,    1,         64.0,      10000.0,        2.0,         8,   16.0, Apple M3, 16 GB     ,      21.622, macOS-15.6.1-arm64-arm-64bit, mariamkamara
20251118-012435-3DBall-ppo-lr0.0003-bs2048      , 20251118-012435, ppo       ,       2048,     10240.0, 0.0005,     0.2, 0.9090909090909092,       3.0, 0.0003       , 3DBall       , /Users/mariamkamara/Desktop/Project2-1/ml-agents/Project/Build/3DBallBuild.app      ,    500000,    1,         64.0,      10000.0,        2.0,         8,   16.0, Apple M3, 16 GB     ,      21.622, macOS-15.6.1-arm64-arm-64bit, mariamkamara
20251118-012738-3DBall-ppo-lr0.0003-bs2048      , 20251118-012738, ppo       ,       2048,     10240.0, 0.0005,     0.2, 0.9090909090909092,       3.0, 0.0003       , 3DBall       , /Users/mariamkamara/Desktop/Project2-1/ml-agents/Project/Build/3DBallBuild.app      ,    500000,    1,         64.0,      10000.0,        2.0,         8,   16.0, Apple M3, 16 GB     ,      21.622, macOS-15.6.1-arm64-arm-64bit, mariamkamara
20251118-013042-3DBall-ppo-lr0.0003-bs2048      , 20251118-013042, ppo       ,       2048,     10240.0, 0.0005,     0.2, 0.9090909090909092,       3.0, 0.0003       , 3DBall       , /Users/mariamkamara/Desktop/Project2-1/ml-agents/Project/Build/3DBallBuild.app      ,    500000,    1,         64.0,      10000.0,        2.0,         8,   16.0, Apple M3, 16 GB     ,      21.622, macOS-15.6.1-arm64-arm-64bit, mariamkamara
20251118-013346-3DBall-ppo-lr0.0003-bs2048      , 20251118-013346, ppo       ,       2048,     10240.0, 0.0005,     0.2, 0.9090909090909092,       3.0, 0.0003       , 3DBall       , /Users/mariamkamara/Desktop/Project2-1/ml-agents/Project/Build/3DBallBuild.app      ,    500000,    1,         64.0,      10000.0,        2.0,         8,   16.0, Apple M3, 16 GB     ,      21.622, macOS-15.6.1-arm64-arm-64bit, mariamkamara
20251118-013649-3DBall-ppo-lr0.0003-bs2048      , 20251118-013649, ppo       ,       2048,     10240.0, 0.0005,     0.2, 0.9272727272727272,       3.0, 0.0003       , 3DBall       , /Users/mariamkamara/Desktop/Project2-1/ml-agents/Project/Build/3DBallBuild.app      ,    500000,    1,         64.0,      10000.0,        2.0,         8,   16.0, Apple M3, 16 GB     ,      33.413, macOS-15.6.1-arm64-arm-64bit, mariamkamara
20251118-013954-3DBall-ppo-lr0.0003-bs2048      , 20251118-013954, ppo       ,       2048,     10240.0, 0.0005,     0.2, 0.9272727272727272,       3.0, 0.0003       , 3DBall       , /Users/mariamkamara/Desktop/Project2-1/ml-agents/Project/Build/3DBallBuild.app      ,    500000,    1,         64.0,      10000.0,        2.0,         8,   16.0, Apple M3, 16 GB     ,      33.413, macOS-15.6.1-arm64-arm-64bit, mariamkamara
20251118-014257-3DBall-ppo-lr0.0003-bs2048      , 20251118-014257, ppo       ,       2048,     10240.0, 0.0005,     0.2, 0.9272727272727272,       3.0, 0.0003       , 3DBall       , /Users/mariamkamara/Desktop/Project2-1/ml-agents/Project/Build/3DBallBuild.app      ,    500000,    1,         64.0,      10000.0,        2.0,         8,   16.0, Apple M3, 16 GB     ,      33.413, macOS-15.6.1-arm64-arm-64bit, mariamkamara
20251118-014600-3DBall-ppo-lr0.0003-bs2048      , 20251118-014600, ppo       ,       2048,     10240.0, 0.0005,     0.2, 0.9272727272727272,       3.0, 0.0003       , 3DBall       , /Users/mariamkamara/Desktop/Project2-1/ml-agents/Project/Build/3DBallBuild.app      ,    500000,    1,         64.0,      10000.0,        2.0,         8,   16.0, Apple M3, 16 GB     ,      33.413, macOS-15.6.1-arm64-arm-64bit, mariamkamara
20251118-014904-3DBall-ppo-lr0.0003-bs2048      , 20251118-014904, ppo       ,       2048,     10240.0, 0.0005,     0.2, 0.9272727272727272,       3.0, 0.0003       , 3DBall       , /Users/mariamkamara/Desktop/Project2-1/ml-agents/Project/Build/3DBallBuild.app      ,    500000,    1,         64.0,      10000.0,        2.0,         8,   16.0, Apple M3, 16 GB     ,      33.413, macOS-15.6.1-arm64-arm-64bit, mariamkamara
20251118-015207-3DBall-ppo-lr0.0003-bs2048      , 20251118-015207, ppo       ,       2048,     10240.0, 0.0005,     0.2, 0.9454545454545454,       3.0, 0.0003       , 3DBall       , /Users/mariamkamara/Desktop/Project2-1/ml-agents/Project/Build/3DBallBuild.app      ,    500000,    1,         64.0,      10000.0,        2.0,         8,   16.0, Apple M3, 16 GB     ,      29.939, macOS-15.6.1-arm64-arm-64bit, mariamkamara
20251118-015511-3DBall-ppo-lr0.0003-bs2048      , 20251118-015511, ppo       ,       2048,     10240.0, 0.0005,     0.2, 0.9454545454545454,       3.0, 0.0003       , 3DBall       , /Users/mariamkamara/Desktop/Project2-1/ml-agents/Project/Build/3DBallBuild.app      ,    500000,    1,         64.0,      10000.0,        2.0,         8,   16.0, Apple M3, 16 GB     ,      29.939, macOS-15.6.1-arm64-arm-64bit, mariamkamara
20251118-015814-3DBall-ppo-lr0.0003-bs2048      , 20251118-015814, ppo       ,       2048,     10240.0, 0.0005,     0.2, 0.9454545454545454,       3.0, 0.0003       , 3DBall       , /Users/mariamkamara/Desktop/Project2-1/ml-agents/Project/Build/3DBallBuild.app      ,    500000,    1,         64.0,      10000.0,        2.0,         8,   16.0, Apple M3, 16 GB     ,      29.939, macOS-15.6.1-arm64-arm-64bit, mariamkamara
20251118-020118-3DBall-ppo-lr0.0003-bs2048      , 20251118-020118, ppo       ,       2048,     10240.0, 0.0005,     0.2, 0.9454545454545454,       3.0, 0.0003       , 3DBall       , /Users/mariamkamara/Desktop/Project2-1/ml-agents/Project/Build/3DBallBuild.app      ,    500000,    1,         64.0,      10000.0,        2.0,         8,   16.0, Apple M3, 16 GB     ,      29.939, macOS-15.6.1-arm64-arm-64bit, mariamkamara
20251118-020423-3DBall-ppo-lr0.0003-bs2048      , 20251118-020423, ppo       ,       2048,     10240.0, 0.0005,     0.2, 0.9454545454545454,       3.0, 0.0003       , 3DBall       , /Users/mariamkamara/Desktop/Project2-1/ml-agents/Project/Build/3DBallBuild.app      ,    500000,    1,         64.0,      10000.0,        2.0,         8,   16.0, Apple M3, 16 GB     ,      29.939, macOS-15.6.1-arm64-arm-64bit, mariamkamara
20251118-020727-3DBall-ppo-lr0.0003-bs2048      , 20251118-020727, ppo       ,       2048,     10240.0, 0.0005,     0.2, 0.9636363636363636,       3.0, 0.0003       , 3DBall       , /Users/mariamkamara/Desktop/Project2-1/ml-agents/Project/Build/3DBallBuild.app      ,    500000,    1,         64.0,      10000.0,        2.0,         8,   16.0, Apple M3, 16 GB     ,      21.523, macOS-15.6.1-arm64-arm-64bit, mariamkamara
20251118-021030-3DBall-ppo-lr0.0003-bs2048      , 20251118-021030, ppo       ,       2048,     10240.0, 0.0005,     0.2, 0.9636363636363636,       3.0, 0.0003       , 3DBall       , /Users/mariamkamara/Desktop/Project2-1/ml-agents/Project/Build/3DBallBuild.app      ,    500000,    1,         64.0,      10000.0,        2.0,         8,   16.0, Apple M3, 16 GB     ,      21.523, macOS-15.6.1-arm64-arm-64bit, mariamkamara
20251118-021334-3DBall-ppo-lr0.0003-bs2048      , 20251118-021334, ppo       ,       2048,     10240.0, 0.0005,     0.2, 0.9636363636363636,       3.0, 0.0003       , 3DBall       , /Users/mariamkamara/Desktop/Project2-1/ml-agents/Project/Build/3DBallBuild.app      ,    500000,    1,         64.0,      10000.0,        2.0,         8,   16.0, Apple M3, 16 GB     ,      21.523, macOS-15.6.1-arm64-arm-64bit, mariamkamara
20251118-021638-3DBall-ppo-lr0.0003-bs2048      , 20251118-021638, ppo       ,       2048,     10240.0, 0.0005,     0.2, 0.9636363636363636,       3.0, 0.0003       , 3DBall       , /Users/mariamkamara/Desktop/Project2-1/ml-agents/Project/Build/3DBallBuild.app      ,    500000,    1,         64.0,      10000.0,        2.0,         8,   16.0, Apple M3, 16 GB     ,      21.523, macOS-15.6.1-arm64-arm-64bit, mariamkamara
20251118-021941-3DBall-ppo-lr0.0003-bs2048      , 20251118-021941, ppo       ,       2048,     10240.0, 0.0005,     0.2, 0.9636363636363636,       3.0, 0.0003       , 3DBall       , /Users/mariamkamara/Desktop/Project2-1/ml-agents/Project/Build/3DBallBuild.app      ,    500000,    1,         64.0,      10000.0,        2.0,         8,   16.0, Apple M3, 16 GB     ,      21.523, macOS-15.6.1-arm64-arm-64bit, mariamkamara
20251118-022246-3DBall-ppo-lr0.0003-bs2048      , 20251118-022246, ppo       ,       2048,     10240.0, 0.0005,     0.2, 0.9818181818181818,       3.0, 0.0003       , 3DBall       , /Users/mariamkamara/Desktop/Project2-1/ml-agents/Project/Build/3DBallBuild.app      ,    500000,    1,         64.0,      10000.0,        2.0,         8,   16.0, Apple M3, 16 GB     ,      17.591, macOS-15.6.1-arm64-arm-64bit, mariamkamara
20251118-022550-3DBall-ppo-lr0.0003-bs2048      , 20251118-022550, ppo       ,       2048,     10240.0, 0.0005,     0.2, 0.9818181818181818,       3.0, 0.0003       , 3DBall       , /Users/mariamkamara/Desktop/Project2-1/ml-agents/Project/Build/3DBallBuild.app      ,    500000,    1,         64.0,      10000.0,        2.0,         8,   16.0, Apple M3, 16 GB     ,      17.591, macOS-15.6.1-arm64-arm-64bit, mariamkamara
20251118-022854-3DBall-ppo-lr0.0003-bs2048      , 20251118-022854, ppo       ,       2048,     10240.0, 0.0005,     0.2, 0.9818181818181818,       3.0, 0.0003       , 3DBall       , /Users/mariamkamara/Desktop/Project2-1/ml-agents/Project/Build/3DBallBuild.app      ,    500000,    1,         64.0,      10000.0,        2.0,         8,   16.0, Apple M3, 16 GB     ,      17.591, macOS-15.6.1-arm64-arm-64bit, mariamkamara
20251118-023158-3DBall-ppo-lr0.0003-bs2048      , 20251118-023158, ppo       ,       2048,     10240.0, 0.0005,     0.2, 0.9818181818181818,       3.0, 0.0003       , 3DBall       , /Users/mariamkamara/Desktop/Project2-1/ml-agents/Project/Build/3DBallBuild.app      ,    500000,    1,         64.0,      10000.0,        2.0,         8,   16.0, Apple M3, 16 GB     ,      17.591, macOS-15.6.1-arm64-arm-64bit, mariamkamara
20251118-023502-3DBall-ppo-lr0.0003-bs2048      , 20251118-023502, ppo       ,       2048,     10240.0, 0.0005,     0.2, 0.9818181818181818,       3.0, 0.0003       , 3DBall       , /Users/mariamkamara/Desktop/Project2-1/ml-agents/Project/Build/3DBallBuild.app      ,    500000,    1,         64.0,      10000.0,        2.0,         8,   16.0, Apple M3, 16 GB     ,      17.591, macOS-15.6.1-arm64-arm-64bit, mariamkamara
20251118-023807-3DBall-ppo-lr0.0003-bs2048      , 20251118-023807, ppo       ,       2048,     10240.0, 0.0005,     0.2, 1.0               ,       3.0, 0.0003       , 3DBall       , /Users/mariamkamara/Desktop/Project2-1/ml-agents/Project/Build/3DBallBuild.app      ,    500000,    1,         64.0,      10000.0,        2.0,         8,   16.0, Apple M3, 16 GB     ,      14.408, macOS-15.6.1-arm64-arm-64bit, mariamkamara
20251118-024111-3DBall-ppo-lr0.0003-bs2048      , 20251118-024111, ppo       ,       2048,     10240.0, 0.0005,     0.2, 1.0               ,       3.0, 0.0003       , 3DBall       , /Users/mariamkamara/Desktop/Project2-1/ml-agents/Project/Build/3DBallBuild.app      ,    500000,    1,         64.0,      10000.0,        2.0,         8,   16.0, Apple M3, 16 GB     ,      14.408, macOS-15.6.1-arm64-arm-64bit, mariamkamara
20251118-024416-3DBall-ppo-lr0.0003-bs2048      , 20251118-024416, ppo       ,       2048,     10240.0, 0.0005,     0.2, 1.0               ,       3.0, 0.0003       , 3DBall       , /Users/mariamkamara/Desktop/Project2-1/ml-agents/Project/Build/3DBallBuild.app      ,    500000,    1,         64.0,      10000.0,        2.0,         8,   16.0, Apple M3, 16 GB     ,      14.408, macOS-15.6.1-arm64-arm-64bit, mariamkamara
20251118-024721-3DBall-ppo-lr0.0003-bs2048      , 20251118-024721, ppo       ,       2048,     10240.0, 0.0005,     0.2, 1.0               ,       3.0, 0.0003       , 3DBall       , /Users/mariamkamara/Desktop/Project2-1/ml-agents/Project/Build/3DBallBuild.app      ,    500000,    1,         64.0,      10000.0,        2.0,         8,   16.0, Apple M3, 16 GB     ,      14.408, macOS-15.6.1-arm64-arm-64bit, mariamkamara
20251118-025025-3DBall-ppo-lr0.0003-bs2048      , 20251118-025025, ppo       ,       2048,     10240.0, 0.0005,     0.2, 1.0               ,       3.0, 0.0003       , 3DBall       , /Users/mariamkamara/Desktop/Project2-1/ml-agents/Project/Build/3DBallBuild.app      ,    500000,    1,         64.0,      10000.0,        2.0,         8,   16.0, Apple M3, 16 GB     ,      14.408, macOS-15.6.1-arm64-arm-64bit, mariamkamara
20251118-050806-3DBall-ppo-lr0.0003-bs2048      , 20251118-050806, ppo       ,       2048,     10240.0, 0.0005,     0.2, 0.8               ,       3.0, 0.0003       , 3DBall       , /Users/mariamkamara/Desktop/Project2-1/ml-agents/Project/Build/3DBallBuild.app      ,    500000,    1,         64.0,      10000.0,        2.0,         8,   16.0, Apple M3, 16 GB     ,      25.188, macOS-15.6.1-arm64-arm-64bit, mariamkamara
20251118-051110-3DBall-ppo-lr0.0003-bs2048      , 20251118-051110, ppo       ,       2048,     10240.0, 0.0005,     0.2, 0.8               ,       3.0, 0.0003       , 3DBall       , /Users/mariamkamara/Desktop/Project2-1/ml-agents/Project/Build/3DBallBuild.app      ,    500000,    1,         64.0,      10000.0,        2.0,         8,   16.0, Apple M3, 16 GB     ,      25.188, macOS-15.6.1-arm64-arm-64bit, mariamkamara
20251118-051414-3DBall-ppo-lr0.0003-bs2048      , 20251118-051414, ppo       ,       2048,     10240.0, 0.0005,     0.2, 0.8               ,       3.0, 0.0003       , 3DBall       , /Users/mariamkamara/Desktop/Project2-1/ml-agents/Project/Build/3DBallBuild.app      ,    500000,    1,         64.0,      10000.0,        2.0,         8,   16.0, Apple M3, 16 GB     ,      25.188, macOS-15.6.1-arm64-arm-64bit, mariamkamara
20251118-051718-3DBall-ppo-lr0.0003-bs2048      , 20251118-051718, ppo       ,       2048,     10240.0, 0.0005,     0.2, 0.8               ,       3.0, 0.0003       , 3DBall       , /Users/mariamkamara/Desktop/Project2-1/ml-agents/Project/Build/3DBallBuild.app      ,    500000,    1,         64.0,      10000.0,        2.0,         8,   16.0, Apple M3, 16 GB     ,      25.188, macOS-15.6.1-arm64-arm-64bit, mariamkamara
20251118-052021-3DBall-ppo-lr0.0003-bs2048      , 20251118-052021, ppo       ,       2048,     10240.0, 0.0005,     0.2, 0.8               ,       3.0, 0.0003       , 3DBall       , /Users/mariamkamara/Desktop/Project2-1/ml-agents/Project/Build/3DBallBuild.app      ,    500000,    1,         64.0,      10000.0,        2.0,         8,   16.0, Apple M3, 16 GB     ,      25.188, macOS-15.6.1-arm64-arm-64bit, mariamkamara
20251118-052326-3DBall-ppo-lr0.0003-bs2048      , 20251118-052326, ppo       ,       2048,     10240.0, 0.0005,     0.2, 0.8222222222222223,       3.0, 0.0003       , 3DBall       , /Users/mariamkamara/Desktop/Project2-1/ml-agents/Project/Build/3DBallBuild.app      ,    500000,    1,         64.0,      10000.0,        2.0,         8,   16.0, Apple M3, 16 GB     ,      23.536, macOS-15.6.1-arm64-arm-64bit, mariamkamara
20251118-052631-3DBall-ppo-lr0.0003-bs2048      , 20251118-052631, ppo       ,       2048,     10240.0, 0.0005,     0.2, 0.8222222222222223,       3.0, 0.0003       , 3DBall       , /Users/mariamkamara/Desktop/Project2-1/ml-agents/Project/Build/3DBallBuild.app      ,    500000,    1,         64.0,      10000.0,        2.0,         8,   16.0, Apple M3, 16 GB     ,      23.536, macOS-15.6.1-arm64-arm-64bit, mariamkamara
20251118-052934-3DBall-ppo-lr0.0003-bs2048      , 20251118-052934, ppo       ,       2048,     10240.0, 0.0005,     0.2, 0.8222222222222223,       3.0, 0.0003       , 3DBall       , /Users/mariamkamara/Desktop/Project2-1/ml-agents/Project/Build/3DBallBuild.app      ,    500000,    1,         64.0,      10000.0,        2.0,         8,   16.0, Apple M3, 16 GB     ,      23.536, macOS-15.6.1-arm64-arm-64bit, mariamkamara
20251118-053238-3DBall-ppo-lr0.0003-bs2048      , 20251118-053238, ppo       ,       2048,     10240.0, 0.0005,     0.2, 0.8222222222222223,       3.0, 0.0003       , 3DBall       , /Users/mariamkamara/Desktop/Project2-1/ml-agents/Project/Build/3DBallBuild.app      ,    500000,    1,         64.0,      10000.0,        2.0,         8,   16.0, Apple M3, 16 GB     ,      23.536, macOS-15.6.1-arm64-arm-64bit, mariamkamara
20251118-053541-3DBall-ppo-lr0.0003-bs2048      , 20251118-053541, ppo       ,       2048,     10240.0, 0.0005,     0.2, 0.8222222222222223,       3.0, 0.0003       , 3DBall       , /Users/mariamkamara/Desktop/Project2-1/ml-agents/Project/Build/3DBallBuild.app      ,    500000,    1,         64.0,      10000.0,        2.0,         8,   16.0, Apple M3, 16 GB     ,      23.536, macOS-15.6.1-arm64-arm-64bit, mariamkamara
20251118-053845-3DBall-ppo-lr0.0003-bs2048      , 20251118-053845, ppo       ,       2048,     10240.0, 0.0005,     0.2, 0.8444444444444444,       3.0, 0.0003       , 3DBall       , /Users/mariamkamara/Desktop/Project2-1/ml-agents/Project/Build/3DBallBuild.app      ,    500000,    1,         64.0,      10000.0,        2.0,         8,   16.0, Apple M3, 16 GB     ,      25.569, macOS-15.6.1-arm64-arm-64bit, mariamkamara
20251118-054150-3DBall-ppo-lr0.0003-bs2048      , 20251118-054150, ppo       ,       2048,     10240.0, 0.0005,     0.2, 0.8444444444444444,       3.0, 0.0003       , 3DBall       , /Users/mariamkamara/Desktop/Project2-1/ml-agents/Project/Build/3DBallBuild.app      ,    500000,    1,         64.0,      10000.0,        2.0,         8,   16.0, Apple M3, 16 GB     ,      25.569, macOS-15.6.1-arm64-arm-64bit, mariamkamara
20251118-054453-3DBall-ppo-lr0.0003-bs2048      , 20251118-054453, ppo       ,       2048,     10240.0, 0.0005,     0.2, 0.8444444444444444,       3.0, 0.0003       , 3DBall       , /Users/mariamkamara/Desktop/Project2-1/ml-agents/Project/Build/3DBallBuild.app      ,    500000,    1,         64.0,      10000.0,        2.0,         8,   16.0, Apple M3, 16 GB     ,      25.569, macOS-15.6.1-arm64-arm-64bit, mariamkamara
20251118-054757-3DBall-ppo-lr0.0003-bs2048      , 20251118-054757, ppo       ,       2048,     10240.0, 0.0005,     0.2, 0.8444444444444444,       3.0, 0.0003       , 3DBall       , /Users/mariamkamara/Desktop/Project2-1/ml-agents/Project/Build/3DBallBuild.app      ,    500000,    1,         64.0,      10000.0,        2.0,         8,   16.0, Apple M3, 16 GB     ,      25.569, macOS-15.6.1-arm64-arm-64bit, mariamkamara
20251118-055101-3DBall-ppo-lr0.0003-bs2048      , 20251118-055101, ppo       ,       2048,     10240.0, 0.0005,     0.2, 0.8444444444444444,       3.0, 0.0003       , 3DBall       , /Users/mariamkamara/Desktop/Project2-1/ml-agents/Project/Build/3DBallBuild.app      ,    500000,    1,         64.0,      10000.0,        2.0,         8,   16.0, Apple M3, 16 GB     ,      25.569, macOS-15.6.1-arm64-arm-64bit, mariamkamara
20251118-055405-3DBall-ppo-lr0.0003-bs2048      , 20251118-055405, ppo       ,       2048,     10240.0, 0.0005,     0.2, 0.8666666666666667,       3.0, 0.0003       , 3DBall       , /Users/mariamkamara/Desktop/Project2-1/ml-agents/Project/Build/3DBallBuild.app      ,    500000,    1,         64.0,      10000.0,        2.0,         8,   16.0, Apple M3, 16 GB     ,      22.98 , macOS-15.6.1-arm64-arm-64bit, mariamkamara
20251118-055709-3DBall-ppo-lr0.0003-bs2048      , 20251118-055709, ppo       ,       2048,     10240.0, 0.0005,     0.2, 0.8666666666666667,       3.0, 0.0003       , 3DBall       , /Users/mariamkamara/Desktop/Project2-1/ml-agents/Project/Build/3DBallBuild.app      ,    500000,    1,         64.0,      10000.0,        2.0,         8,   16.0, Apple M3, 16 GB     ,      22.98 , macOS-15.6.1-arm64-arm-64bit, mariamkamara
20251118-060013-3DBall-ppo-lr0.0003-bs2048      , 20251118-060013, ppo       ,       2048,     10240.0, 0.0005,     0.2, 0.8666666666666667,       3.0, 0.0003       , 3DBall       , /Users/mariamkamara/Desktop/Project2-1/ml-agents/Project/Build/3DBallBuild.app      ,    500000,    1,         64.0,      10000.0,        2.0,         8,   16.0, Apple M3, 16 GB     ,      22.98 , macOS-15.6.1-arm64-arm-64bit, mariamkamara
20251118-060317-3DBall-ppo-lr0.0003-bs2048      , 20251118-060317, ppo       ,       2048,     10240.0, 0.0005,     0.2, 0.8666666666666667,       3.0, 0.0003       , 3DBall       , /Users/mariamkamara/Desktop/Project2-1/ml-agents/Project/Build/3DBallBuild.app      ,    500000,    1,         64.0,      10000.0,        2.0,         8,   16.0, Apple M3, 16 GB     ,      22.98 , macOS-15.6.1-arm64-arm-64bit, mariamkamara
20251118-060620-3DBall-ppo-lr0.0003-bs2048      , 20251118-060620, ppo       ,       2048,     10240.0, 0.0005,     0.2, 0.8666666666666667,       3.0, 0.0003       , 3DBall       , /Users/mariamkamara/Desktop/Project2-1/ml-agents/Project/Build/3DBallBuild.app      ,    500000,    1,         64.0,      10000.0,        2.0,         8,   16.0, Apple M3, 16 GB     ,      22.98 , macOS-15.6.1-arm64-arm-64bit, mariamkamara
20251118-060924-3DBall-ppo-lr0.0003-bs2048      , 20251118-060924, ppo       ,       2048,     10240.0, 0.0005,     0.2, 0.888888888888889 ,       3.0, 0.0003       , 3DBall       , /Users/mariamkamara/Desktop/Project2-1/ml-agents/Project/Build/3DBallBuild.app      ,    500000,    1,         64.0,      10000.0,        2.0,         8,   16.0, Apple M3, 16 GB     ,      27.197, macOS-15.6.1-arm64-arm-64bit, mariamkamara
20251118-061228-3DBall-ppo-lr0.0003-bs2048      , 20251118-061228, ppo       ,       2048,     10240.0, 0.0005,     0.2, 0.888888888888889 ,       3.0, 0.0003       , 3DBall       , /Users/mariamkamara/Desktop/Project2-1/ml-agents/Project/Build/3DBallBuild.app      ,    500000,    1,         64.0,      10000.0,        2.0,         8,   16.0, Apple M3, 16 GB     ,      27.197, macOS-15.6.1-arm64-arm-64bit, mariamkamara
20251118-061532-3DBall-ppo-lr0.0003-bs2048      , 20251118-061532, ppo       ,       2048,     10240.0, 0.0005,     0.2, 0.888888888888889 ,       3.0, 0.0003       , 3DBall       , /Users/mariamkamara/Desktop/Project2-1/ml-agents/Project/Build/3DBallBuild.app      ,    500000,    1,         64.0,      10000.0,        2.0,         8,   16.0, Apple M3, 16 GB     ,      27.197, macOS-15.6.1-arm64-arm-64bit, mariamkamara
20251118-061836-3DBall-ppo-lr0.0003-bs2048      , 20251118-061836, ppo       ,       2048,     10240.0, 0.0005,     0.2, 0.888888888888889 ,       3.0, 0.0003       , 3DBall       , /Users/mariamkamara/Desktop/Project2-1/ml-agents/Project/Build/3DBallBuild.app      ,    500000,    1,         64.0,      10000.0,        2.0,         8,   16.0, Apple M3, 16 GB     ,      27.197, macOS-15.6.1-arm64-arm-64bit, mariamkamara
20251118-062140-3DBall-ppo-lr0.0003-bs2048      , 20251118-062140, ppo       ,       2048,     10240.0, 0.0005,     0.2, 0.888888888888889 ,       3.0, 0.0003       , 3DBall       , /Users/mariamkamara/Desktop/Project2-1/ml-agents/Project/Build/3DBallBuild.app      ,    500000,    1,         64.0,      10000.0,        2.0,         8,   16.0, Apple M3, 16 GB     ,      27.197, macOS-15.6.1-arm64-arm-64bit, mariamkamara
20251118-062443-3DBall-ppo-lr0.0003-bs2048      , 20251118-062443, ppo       ,       2048,     10240.0, 0.0005,     0.2, 0.9111111111111111,       3.0, 0.0003       , 3DBall       , /Users/mariamkamara/Desktop/Project2-1/ml-agents/Project/Build/3DBallBuild.app      ,    500000,    1,         64.0,      10000.0,        2.0,         8,   16.0, Apple M3, 16 GB     ,      20.19 , macOS-15.6.1-arm64-arm-64bit, mariamkamara
20251118-062747-3DBall-ppo-lr0.0003-bs2048      , 20251118-062747, ppo       ,       2048,     10240.0, 0.0005,     0.2, 0.9111111111111111,       3.0, 0.0003       , 3DBall       , /Users/mariamkamara/Desktop/Project2-1/ml-agents/Project/Build/3DBallBuild.app      ,    500000,    1,         64.0,      10000.0,        2.0,         8,   16.0, Apple M3, 16 GB     ,      20.19 , macOS-15.6.1-arm64-arm-64bit, mariamkamara
20251118-063051-3DBall-ppo-lr0.0003-bs2048      , 20251118-063051, ppo       ,       2048,     10240.0, 0.0005,     0.2, 0.9111111111111111,       3.0, 0.0003       , 3DBall       , /Users/mariamkamara/Desktop/Project2-1/ml-agents/Project/Build/3DBallBuild.app      ,    500000,    1,         64.0,      10000.0,        2.0,         8,   16.0, Apple M3, 16 GB     ,      20.19 , macOS-15.6.1-arm64-arm-64bit, mariamkamara
20251118-063356-3DBall-ppo-lr0.0003-bs2048      , 20251118-063356, ppo       ,       2048,     10240.0, 0.0005,     0.2, 0.9111111111111111,       3.0, 0.0003       , 3DBall       , /Users/mariamkamara/Desktop/Project2-1/ml-agents/Project/Build/3DBallBuild.app      ,    500000,    1,         64.0,      10000.0,        2.0,         8,   16.0, Apple M3, 16 GB     ,      20.19 , macOS-15.6.1-arm64-arm-64bit, mariamkamara
20251118-063700-3DBall-ppo-lr0.0003-bs2048      , 20251118-063700, ppo       ,       2048,     10240.0, 0.0005,     0.2, 0.9111111111111111,       3.0, 0.0003       , 3DBall       , /Users/mariamkamara/Desktop/Project2-1/ml-agents/Project/Build/3DBallBuild.app      ,    500000,    1,         64.0,      10000.0,        2.0,         8,   16.0, Apple M3, 16 GB     ,      20.19 , macOS-15.6.1-arm64-arm-64bit, mariamkamara
20251118-064005-3DBall-ppo-lr0.0003-bs2048      , 20251118-064005, ppo       ,       2048,     10240.0, 0.0005,     0.2, 0.9333333333333333,       3.0, 0.0003       , 3DBall       , /Users/mariamkamara/Desktop/Project2-1/ml-agents/Project/Build/3DBallBuild.app      ,    500000,    1,         64.0,      10000.0,        2.0,         8,   16.0, Apple M3, 16 GB     ,      24.058, macOS-15.6.1-arm64-arm-64bit, mariamkamara
20251118-064309-3DBall-ppo-lr0.0003-bs2048      , 20251118-064309, ppo       ,       2048,     10240.0, 0.0005,     0.2, 0.9333333333333333,       3.0, 0.0003       , 3DBall       , /Users/mariamkamara/Desktop/Project2-1/ml-agents/Project/Build/3DBallBuild.app      ,    500000,    1,         64.0,      10000.0,        2.0,         8,   16.0, Apple M3, 16 GB     ,      24.058, macOS-15.6.1-arm64-arm-64bit, mariamkamara
20251118-064612-3DBall-ppo-lr0.0003-bs2048      , 20251118-064612, ppo       ,       2048,     10240.0, 0.0005,     0.2, 0.9333333333333333,       3.0, 0.0003       , 3DBall       , /Users/mariamkamara/Desktop/Project2-1/ml-agents/Project/Build/3DBallBuild.app      ,    500000,    1,         64.0,      10000.0,        2.0,         8,   16.0, Apple M3, 16 GB     ,      24.058, macOS-15.6.1-arm64-arm-64bit, mariamkamara
20251118-064916-3DBall-ppo-lr0.0003-bs2048      , 20251118-064916, ppo       ,       2048,     10240.0, 0.0005,     0.2, 0.9333333333333333,       3.0, 0.0003       , 3DBall       , /Users/mariamkamara/Desktop/Project2-1/ml-agents/Project/Build/3DBallBuild.app      ,    500000,    1,         64.0,      10000.0,        2.0,         8,   16.0, Apple M3, 16 GB     ,      24.058, macOS-15.6.1-arm64-arm-64bit, mariamkamara
20251118-065220-3DBall-ppo-lr0.0003-bs2048      , 20251118-065220, ppo       ,       2048,     10240.0, 0.0005,     0.2, 0.9333333333333333,       3.0, 0.0003       , 3DBall       , /Users/mariamkamara/Desktop/Project2-1/ml-agents/Project/Build/3DBallBuild.app      ,    500000,    1,         64.0,      10000.0,        2.0,         8,   16.0, Apple M3, 16 GB     ,      24.058, macOS-15.6.1-arm64-arm-64bit, mariamkamara
20251118-065523-3DBall-ppo-lr0.0003-bs2048      , 20251118-065523, ppo       ,       2048,     10240.0, 0.0005,     0.2, 0.9555555555555555,       3.0, 0.0003       , 3DBall       , /Users/mariamkamara/Desktop/Project2-1/ml-agents/Project/Build/3DBallBuild.app      ,    500000,    1,         64.0,      10000.0,        2.0,         8,   16.0, Apple M3, 16 GB     ,      20.214, macOS-15.6.1-arm64-arm-64bit, mariamkamara
20251118-065827-3DBall-ppo-lr0.0003-bs2048      , 20251118-065827, ppo       ,       2048,     10240.0, 0.0005,     0.2, 0.9555555555555555,       3.0, 0.0003       , 3DBall       , /Users/mariamkamara/Desktop/Project2-1/ml-agents/Project/Build/3DBallBuild.app      ,    500000,    1,         64.0,      10000.0,        2.0,         8,   16.0, Apple M3, 16 GB     ,      20.214, macOS-15.6.1-arm64-arm-64bit, mariamkamara
20251118-070131-3DBall-ppo-lr0.0003-bs2048      , 20251118-070131, ppo       ,       2048,     10240.0, 0.0005,     0.2, 0.9555555555555555,       3.0, 0.0003       , 3DBall       , /Users/mariamkamara/Desktop/Project2-1/ml-agents/Project/Build/3DBallBuild.app      ,    500000,    1,         64.0,      10000.0,        2.0,         8,   16.0, Apple M3, 16 GB     ,      20.214, macOS-15.6.1-arm64-arm-64bit, mariamkamara
20251118-070435-3DBall-ppo-lr0.0003-bs2048      , 20251118-070435, ppo       ,       2048,     10240.0, 0.0005,     0.2, 0.9555555555555555,       3.0, 0.0003       , 3DBall       , /Users/mariamkamara/Desktop/Project2-1/ml-agents/Project/Build/3DBallBuild.app      ,    500000,    1,         64.0,      10000.0,        2.0,         8,   16.0, Apple M3, 16 GB     ,      20.214, macOS-15.6.1-arm64-arm-64bit, mariamkamara
20251118-070740-3DBall-ppo-lr0.0003-bs2048      , 20251118-070740, ppo       ,       2048,     10240.0, 0.0005,     0.2, 0.9555555555555555,       3.0, 0.0003       , 3DBall       , /Users/mariamkamara/Desktop/Project2-1/ml-agents/Project/Build/3DBallBuild.app      ,    500000,    1,         64.0,      10000.0,        2.0,         8,   16.0, Apple M3, 16 GB     ,      20.214, macOS-15.6.1-arm64-arm-64bit, mariamkamara
20251118-071043-3DBall-ppo-lr0.0003-bs2048      , 20251118-071043, ppo       ,       2048,     10240.0, 0.0005,     0.2, 0.9777777777777777,       3.0, 0.0003       , 3DBall       , /Users/mariamkamara/Desktop/Project2-1/ml-agents/Project/Build/3DBallBuild.app      ,    500000,    1,         64.0,      10000.0,        2.0,         8,   16.0, Apple M3, 16 GB     ,      25.615, macOS-15.6.1-arm64-arm-64bit, mariamkamara
20251118-071349-3DBall-ppo-lr0.0003-bs2048      , 20251118-071349, ppo       ,       2048,     10240.0, 0.0005,     0.2, 0.9777777777777777,       3.0, 0.0003       , 3DBall       , /Users/mariamkamara/Desktop/Project2-1/ml-agents/Project/Build/3DBallBuild.app      ,    500000,    1,         64.0,      10000.0,        2.0,         8,   16.0, Apple M3, 16 GB     ,      25.615, macOS-15.6.1-arm64-arm-64bit, mariamkamara
20251118-071653-3DBall-ppo-lr0.0003-bs2048      , 20251118-071653, ppo       ,       2048,     10240.0, 0.0005,     0.2, 0.9777777777777777,       3.0, 0.0003       , 3DBall       , /Users/mariamkamara/Desktop/Project2-1/ml-agents/Project/Build/3DBallBuild.app      ,    500000,    1,         64.0,      10000.0,        2.0,         8,   16.0, Apple M3, 16 GB     ,      25.615, macOS-15.6.1-arm64-arm-64bit, mariamkamara
20251118-071956-3DBall-ppo-lr0.0003-bs2048      , 20251118-071956, ppo       ,       2048,     10240.0, 0.0005,     0.2, 0.9777777777777777,       3.0, 0.0003       , 3DBall       , /Users/mariamkamara/Desktop/Project2-1/ml-agents/Project/Build/3DBallBuild.app      ,    500000,    1,         64.0,      10000.0,        2.0,         8,   16.0, Apple M3, 16 GB     ,      25.615, macOS-15.6.1-arm64-arm-64bit, mariamkamara
20251118-072300-3DBall-ppo-lr0.0003-bs2048      , 20251118-072300, ppo       ,       2048,     10240.0, 0.0005,     0.2, 0.9777777777777777,       3.0, 0.0003       , 3DBall       , /Users/mariamkamara/Desktop/Project2-1/ml-agents/Project/Build/3DBallBuild.app      ,    500000,    1,         64.0,      10000.0,        2.0,         8,   16.0, Apple M3, 16 GB     ,      25.615, macOS-15.6.1-arm64-arm-64bit, mariamkamara
20251118-072605-3DBall-ppo-lr0.0003-bs2048      , 20251118-072605, ppo       ,       2048,     10240.0, 0.0005,     0.2, 1.0               ,       3.0, 0.0003       , 3DBall       , /Users/mariamkamara/Desktop/Project2-1/ml-agents/Project/Build/3DBallBuild.app      ,    500000,    1,         64.0,      10000.0,        2.0,         8,   16.0, Apple M3, 16 GB     ,      14.408, macOS-15.6.1-arm64-arm-64bit, mariamkamara
20251118-072909-3DBall-ppo-lr0.0003-bs2048      , 20251118-072909, ppo       ,       2048,     10240.0, 0.0005,     0.2, 1.0               ,       3.0, 0.0003       , 3DBall       , /Users/mariamkamara/Desktop/Project2-1/ml-agents/Project/Build/3DBallBuild.app      ,    500000,    1,         64.0,      10000.0,        2.0,         8,   16.0, Apple M3, 16 GB     ,      14.408, macOS-15.6.1-arm64-arm-64bit, mariamkamara
20251118-073213-3DBall-ppo-lr0.0003-bs2048      , 20251118-073213, ppo       ,       2048,     10240.0, 0.0005,     0.2, 1.0               ,       3.0, 0.0003       , 3DBall       , /Users/mariamkamara/Desktop/Project2-1/ml-agents/Project/Build/3DBallBuild.app      ,    500000,    1,         64.0,      10000.0,        2.0,         8,   16.0, Apple M3, 16 GB     ,      14.408, macOS-15.6.1-arm64-arm-64bit, mariamkamara
20251118-073518-3DBall-ppo-lr0.0003-bs2048      , 20251118-073518, ppo       ,       2048,     10240.0, 0.0005,     0.2, 1.0               ,       3.0, 0.0003       , 3DBall       , /Users/mariamkamara/Desktop/Project2-1/ml-agents/Project/Build/3DBallBuild.app      ,    500000,    1,         64.0,      10000.0,        2.0,         8,   16.0, Apple M3, 16 GB     ,      14.408, macOS-15.6.1-arm64-arm-64bit, mariamkamara
20251118-073822-3DBall-ppo-lr0.0003-bs2048      , 20251118-073822, ppo       ,       2048,     10240.0, 0.0005,     0.2, 1.0               ,       3.0, 0.0003       , 3DBall       , /Users/mariamkamara/Desktop/Project2-1/ml-agents/Project/Build/3DBallBuild.app      ,    500000,    1,         64.0,      10000.0,        2.0,         8,   16.0, Apple M3, 16 GB     ,      14.408, macOS-15.6.1-arm64-arm-64bit, mariamkamara
20251119-012402-3DBall-ppo-lr0.0003-bs2048      , 20251119-012402, ppo       ,       2048,     10240.0, 0.0005,     0.2, 0.95              ,       3.0, 0.0003       , 3DBall       , /Users/mariamkamara/Desktop/Project2-1/ml-agents/Project/Build/3DBallBuild.app      ,    500000,    1,         64.0,      10000.0,        2.0,         8,   16.0, Apple M3, 16 GB     ,      24.413, macOS-15.6.1-arm64-arm-64bit, mariamkamara
20251119-012708-3DBall-ppo-lr0.0003-bs2048      , 20251119-012708, ppo       ,       2048,     10240.0, 0.0005,     0.2, 0.95              ,       3.0, 0.0003       , 3DBall       , /Users/mariamkamara/Desktop/Project2-1/ml-agents/Project/Build/3DBallBuild.app      ,    500000,    1,         64.0,      10000.0,        2.0,         8,   16.0, Apple M3, 16 GB     ,      24.413, macOS-15.6.1-arm64-arm-64bit, mariamkamara
20251119-013012-3DBall-ppo-lr0.0003-bs2048,20251119-013012,ppo,2048,10240.0,0.0005,0.2,0.95,3.0,0.0003,3DBall,/Users/mariamkamara/Desktop/Project2-1/ml-agents/Project/Build/3DBallBuild.app,500000,1,64.0,10000.0,2.0,8,16.0,Apple M3,16 GB,24.413,macOS-15.6.1-arm64-arm-64bit,mariamkamara
20251119-013324-3DBall-ppo-lr0.0003-bs2048,20251119-013324,ppo,2048,10240.0,0.0005,0.2,0.95,3.0,0.0003,3DBall,/Users/mariamkamara/Desktop/Project2-1/ml-agents/Project/Build/3DBallBuild.app,500000,1,64.0,10000.0,2.0,8,16.0,Apple M3,16 GB,24.413,macOS-15.6.1-arm64-arm-64bit,mariamkamara
20251119-013628-3DBall-ppo-lr0.0003-bs2048,20251119-013628,ppo,2048,10240.0,0.0005,0.2,0.95,3.0,0.0003,3DBall,/Users/mariamkamara/Desktop/Project2-1/ml-agents/Project/Build/3DBallBuild.app,500000,1,64.0,10000.0,2.0,8,16.0,Apple M3,16 GB,24.413,macOS-15.6.1-arm64-arm-64bit,mariamkamara
20251119-013932-3DBall-ppo-lr0.0003-bs2048,20251119-013932,ppo,2048,10240.0,0.0005,0.2,0.95,3.0,0.0003,3DBall,/Users/mariamkamara/Desktop/Project2-1/ml-agents/Project/Build/3DBallBuild.app,500000,1,64.0,10000.0,2.0,8,16.0,Apple M3,16 GB,24.413,macOS-15.6.1-arm64-arm-64bit,mariamkamara
20251119-014236-3DBall-ppo-lr0.0003-bs2048,20251119-014236,ppo,2048,10240.0,0.0005,0.2,0.95,3.0,0.0003,3DBall,/Users/mariamkamara/Desktop/Project2-1/ml-agents/Project/Build/3DBallBuild.app,500000,1,64.0,10000.0,2.0,8,16.0,Apple M3,16 GB,24.413,macOS-15.6.1-arm64-arm-64bit,mariamkamara
20251119-014540-3DBall-ppo-lr0.0003-bs2048,20251119-014540,ppo,2048,10240.0,0.0005,0.2,0.95,3.0,0.0003,3DBall,/Users/mariamkamara/Desktop/Project2-1/ml-agents/Project/Build/3DBallBuild.app,500000,1,64.0,10000.0,2.0,8,16.0,Apple M3,16 GB,24.413,macOS-15.6.1-arm64-arm-64bit,mariamkamara
20251119-014843-3DBall-ppo-lr0.0003-bs2048,20251119-014843,ppo,2048,10240.0,0.0005,0.2,0.95,3.0,0.0003,3DBall,/Users/mariamkamara/Desktop/Project2-1/ml-agents/Project/Build/3DBallBuild.app,500000,1,64.0,10000.0,2.0,8,16.0,Apple M3,16 GB,24.413,macOS-15.6.1-arm64-arm-64bit,mariamkamara
20251119-015147-3DBall-ppo-lr0.0003-bs2048,20251119-015147,ppo,2048,10240.0,0.0005,0.2,0.95,3.0,0.0003,3DBall,/Users/mariamkamara/Desktop/Project2-1/ml-agents/Project/Build/3DBallBuild.app,500000,1,64.0,10000.0,2.0,8,16.0,Apple M3,16 GB,24.413,macOS-15.6.1-arm64-arm-64bit,mariamkamara
20251119-015451-3DBall-ppo-lr0.0003-bs2048,20251119-015451,ppo,2048,10240.0,0.0005,0.2,0.95,4.0,0.0003,3DBall,/Users/mariamkamara/Desktop/Project2-1/ml-agents/Project/Build/3DBallBuild.app,500000,1,64.0,10000.0,2.0,8,16.0,Apple M3,16 GB,80.986,macOS-15.6.1-arm64-arm-64bit,mariamkamara
20251119-015801-3DBall-ppo-lr0.0003-bs2048,20251119-015801,ppo,2048,10240.0,0.0005,0.2,0.95,4.0,0.0003,3DBall,/Users/mariamkamara/Desktop/Project2-1/ml-agents/Project/Build/3DBallBuild.app,500000,1,64.0,10000.0,2.0,8,16.0,Apple M3,16 GB,80.986,macOS-15.6.1-arm64-arm-64bit,mariamkamara
20251119-020111-3DBall-ppo-lr0.0003-bs2048,20251119-020111,ppo,2048,10240.0,0.0005,0.2,0.95,4.0,0.0003,3DBall,/Users/mariamkamara/Desktop/Project2-1/ml-agents/Project/Build/3DBallBuild.app,500000,1,64.0,10000.0,2.0,8,16.0,Apple M3,16 GB,80.986,macOS-15.6.1-arm64-arm-64bit,mariamkamara
20251119-020421-3DBall-ppo-lr0.0003-bs2048,20251119-020421,ppo,2048,10240.0,0.0005,0.2,0.95,4.0,0.0003,3DBall,/Users/mariamkamara/Desktop/Project2-1/ml-agents/Project/Build/3DBallBuild.app,500000,1,64.0,10000.0,2.0,8,16.0,Apple M3,16 GB,80.986,macOS-15.6.1-arm64-arm-64bit,mariamkamara
20251119-020731-3DBall-ppo-lr0.0003-bs2048,20251119-020731,ppo,2048,10240.0,0.0005,0.2,0.95,4.0,0.0003,3DBall,/Users/mariamkamara/Desktop/Project2-1/ml-agents/Project/Build/3DBallBuild.app,500000,1,64.0,10000.0,2.0,8,16.0,Apple M3,16 GB,80.986,macOS-15.6.1-arm64-arm-64bit,mariamkamara
20251119-021041-3DBall-ppo-lr0.0003-bs2048,20251119-021041,ppo,2048,10240.0,0.0005,0.2,0.95,4.0,0.0003,3DBall,/Users/mariamkamara/Desktop/Project2-1/ml-agents/Project/Build/3DBallBuild.app,500000,1,64.0,10000.0,2.0,8,16.0,Apple M3,16 GB,80.986,macOS-15.6.1-arm64-arm-64bit,mariamkamara
20251119-021351-3DBall-ppo-lr0.0003-bs2048,20251119-021351,ppo,2048,10240.0,0.0005,0.2,0.95,4.0,0.0003,3DBall,/Users/mariamkamara/Desktop/Project2-1/ml-agents/Project/Build/3DBallBuild.app,500000,1,64.0,10000.0,2.0,8,16.0,Apple M3,16 GB,80.986,macOS-15.6.1-arm64-arm-64bit,mariamkamara
20251119-021701-3DBall-ppo-lr0.0003-bs2048,20251119-021701,ppo,2048,10240.0,0.0005,0.2,0.95,4.0,0.0003,3DBall,/Users/mariamkamara/Desktop/Project2-1/ml-agents/Project/Build/3DBallBuild.app,500000,1,64.0,10000.0,2.0,8,16.0,Apple M3,16 GB,80.986,macOS-15.6.1-arm64-arm-64bit,mariamkamara
20251119-022011-3DBall-ppo-lr0.0003-bs2048,20251119-022011,ppo,2048,10240.0,0.0005,0.2,0.95,4.0,0.0003,3DBall,/Users/mariamkamara/Desktop/Project2-1/ml-agents/Project/Build/3DBallBuild.app,500000,1,64.0,10000.0,2.0,8,16.0,Apple M3,16 GB,80.986,macOS-15.6.1-arm64-arm-64bit,mariamkamara
20251119-022321-3DBall-ppo-lr0.0003-bs2048,20251119-022321,ppo,2048,10240.0,0.0005,0.2,0.95,4.0,0.0003,3DBall,/Users/mariamkamara/Desktop/Project2-1/ml-agents/Project/Build/3DBallBuild.app,500000,1,64.0,10000.0,2.0,8,16.0,Apple M3,16 GB,80.986,macOS-15.6.1-arm64-arm-64bit,mariamkamara
20251119-022631-3DBall-ppo-lr0.0003-bs2048,20251119-022631,ppo,2048,10240.0,0.0005,0.2,0.95,5.0,0.0003,3DBall,/Users/mariamkamara/Desktop/Project2-1/ml-agents/Project/Build/3DBallBuild.app,500000,1,64.0,10000.0,2.0,8,16.0,Apple M3,16 GB,100.0,macOS-15.6.1-arm64-arm-64bit,mariamkamara
20251119-022947-3DBall-ppo-lr0.0003-bs2048,20251119-022947,ppo,2048,10240.0,0.0005,0.2,0.95,5.0,0.0003,3DBall,/Users/mariamkamara/Desktop/Project2-1/ml-agents/Project/Build/3DBallBuild.app,500000,1,64.0,10000.0,2.0,8,16.0,Apple M3,16 GB,100.0,macOS-15.6.1-arm64-arm-64bit,mariamkamara
20251119-023304-3DBall-ppo-lr0.0003-bs2048,20251119-023304,ppo,2048,10240.0,0.0005,0.2,0.95,5.0,0.0003,3DBall,/Users/mariamkamara/Desktop/Project2-1/ml-agents/Project/Build/3DBallBuild.app,500000,1,64.0,10000.0,2.0,8,16.0,Apple M3,16 GB,100.0,macOS-15.6.1-arm64-arm-64bit,mariamkamara
20251119-023621-3DBall-ppo-lr0.0003-bs2048,20251119-023621,ppo,2048,10240.0,0.0005,0.2,0.95,5.0,0.0003,3DBall,/Users/mariamkamara/Desktop/Project2-1/ml-agents/Project/Build/3DBallBuild.app,500000,1,64.0,10000.0,2.0,8,16.0,Apple M3,16 GB,100.0,macOS-15.6.1-arm64-arm-64bit,mariamkamara
20251119-023938-3DBall-ppo-lr0.0003-bs2048,20251119-023938,ppo,2048,10240.0,0.0005,0.2,0.95,5.0,0.0003,3DBall,/Users/mariamkamara/Desktop/Project2-1/ml-agents/Project/Build/3DBallBuild.app,500000,1,64.0,10000.0,2.0,8,16.0,Apple M3,16 GB,100.0,macOS-15.6.1-arm64-arm-64bit,mariamkamara
20251119-024254-3DBall-ppo-lr0.0003-bs2048,20251119-024254,ppo,2048,10240.0,0.0005,0.2,0.95,5.0,0.0003,3DBall,/Users/mariamkamara/Desktop/Project2-1/ml-agents/Project/Build/3DBallBuild.app,500000,1,64.0,10000.0,2.0,8,16.0,Apple M3,16 GB,100.0,macOS-15.6.1-arm64-arm-64bit,mariamkamara
20251119-024610-3DBall-ppo-lr0.0003-bs2048,20251119-024610,ppo,2048,10240.0,0.0005,0.2,0.95,5.0,0.0003,3DBall,/Users/mariamkamara/Desktop/Project2-1/ml-agents/Project/Build/3DBallBuild.app,500000,1,64.0,10000.0,2.0,8,16.0,Apple M3,16 GB,100.0,macOS-15.6.1-arm64-arm-64bit,mariamkamara
20251119-024927-3DBall-ppo-lr0.0003-bs2048,20251119-024927,ppo,2048,10240.0,0.0005,0.2,0.95,5.0,0.0003,3DBall,/Users/mariamkamara/Desktop/Project2-1/ml-agents/Project/Build/3DBallBuild.app,500000,1,64.0,10000.0,2.0,8,16.0,Apple M3,16 GB,100.0,macOS-15.6.1-arm64-arm-64bit,mariamkamara
20251119-025243-3DBall-ppo-lr0.0003-bs2048,20251119-025243,ppo,2048,10240.0,0.0005,0.2,0.95,5.0,0.0003,3DBall,/Users/mariamkamara/Desktop/Project2-1/ml-agents/Project/Build/3DBallBuild.app,500000,1,64.0,10000.0,2.0,8,16.0,Apple M3,16 GB,100.0,macOS-15.6.1-arm64-arm-64bit,mariamkamara
20251119-025600-3DBall-ppo-lr0.0003-bs2048,20251119-025600,ppo,2048,10240.0,0.0005,0.2,0.95,5.0,0.0003,3DBall,/Users/mariamkamara/Desktop/Project2-1/ml-agents/Project/Build/3DBallBuild.app,500000,1,64.0,10000.0,2.0,8,16.0,Apple M3,16 GB,100.0,macOS-15.6.1-arm64-arm-64bit,mariamkamara
20251119-025916-3DBall-ppo-lr0.0003-bs2048,20251119-025916,ppo,2048,10240.0,0.0005,0.2,0.95,6.0,0.0003,3DBall,/Users/mariamkamara/Desktop/Project2-1/ml-agents/Project/Build/3DBallBuild.app,500000,1,64.0,10000.0,2.0,8,16.0,Apple M3,16 GB,100.0,macOS-15.6.1-arm64-arm-64bit,mariamkamara
20251119-030240-3DBall-ppo-lr0.0003-bs2048,20251119-030240,ppo,2048,10240.0,0.0005,0.2,0.95,6.0,0.0003,3DBall,/Users/mariamkamara/Desktop/Project2-1/ml-agents/Project/Build/3DBallBuild.app,500000,1,64.0,10000.0,2.0,8,16.0,Apple M3,16 GB,100.0,macOS-15.6.1-arm64-arm-64bit,mariamkamara
20251119-030603-3DBall-ppo-lr0.0003-bs2048,20251119-030603,ppo,2048,10240.0,0.0005,0.2,0.95,6.0,0.0003,3DBall,/Users/mariamkamara/Desktop/Project2-1/ml-agents/Project/Build/3DBallBuild.app,500000,1,64.0,10000.0,2.0,8,16.0,Apple M3,16 GB,100.0,macOS-15.6.1-arm64-arm-64bit,mariamkamara
20251119-030927-3DBall-ppo-lr0.0003-bs2048,20251119-030927,ppo,2048,10240.0,0.0005,0.2,0.95,6.0,0.0003,3DBall,/Users/mariamkamara/Desktop/Project2-1/ml-agents/Project/Build/3DBallBuild.app,500000,1,64.0,10000.0,2.0,8,16.0,Apple M3,16 GB,100.0,macOS-15.6.1-arm64-arm-64bit,mariamkamara
20251119-031250-3DBall-ppo-lr0.0003-bs2048,20251119-031250,ppo,2048,10240.0,0.0005,0.2,0.95,6.0,0.0003,3DBall,/Users/mariamkamara/Desktop/Project2-1/ml-agents/Project/Build/3DBallBuild.app,500000,1,64.0,10000.0,2.0,8,16.0,Apple M3,16 GB,100.0,macOS-15.6.1-arm64-arm-64bit,mariamkamara
20251119-031614-3DBall-ppo-lr0.0003-bs2048,20251119-031614,ppo,2048,10240.0,0.0005,0.2,0.95,6.0,0.0003,3DBall,/Users/mariamkamara/Desktop/Project2-1/ml-agents/Project/Build/3DBallBuild.app,500000,1,64.0,10000.0,2.0,8,16.0,Apple M3,16 GB,100.0,macOS-15.6.1-arm64-arm-64bit,mariamkamara
20251119-031940-3DBall-ppo-lr0.0003-bs2048,20251119-031940,ppo,2048,10240.0,0.0005,0.2,0.95,6.0,0.0003,3DBall,/Users/mariamkamara/Desktop/Project2-1/ml-agents/Project/Build/3DBallBuild.app,500000,1,64.0,10000.0,2.0,8,16.0,Apple M3,16 GB,100.0,macOS-15.6.1-arm64-arm-64bit,mariamkamara
20251119-032304-3DBall-ppo-lr0.0003-bs2048,20251119-032304,ppo,2048,10240.0,0.0005,0.2,0.95,6.0,0.0003,3DBall,/Users/mariamkamara/Desktop/Project2-1/ml-agents/Project/Build/3DBallBuild.app,500000,1,64.0,10000.0,2.0,8,16.0,Apple M3,16 GB,100.0,macOS-15.6.1-arm64-arm-64bit,mariamkamara
20251119-032628-3DBall-ppo-lr0.0003-bs2048,20251119-032628,ppo,2048,10240.0,0.0005,0.2,0.95,6.0,0.0003,3DBall,/Users/mariamkamara/Desktop/Project2-1/ml-agents/Project/Build/3DBallBuild.app,500000,1,64.0,10000.0,2.0,8,16.0,Apple M3,16 GB,100.0,macOS-15.6.1-arm64-arm-64bit,mariamkamara
20251119-032953-3DBall-ppo-lr0.0003-bs2048,20251119-032953,ppo,2048,10240.0,0.0005,0.2,0.95,6.0,0.0003,3DBall,/Users/mariamkamara/Desktop/Project2-1/ml-agents/Project/Build/3DBallBuild.app,500000,1,64.0,10000.0,2.0,8,16.0,Apple M3,16 GB,100.0,macOS-15.6.1-arm64-arm-64bit,mariamkamara
20251119-033316-3DBall-ppo-lr0.0003-bs2048,20251119-033316,ppo,2048,10240.0,0.0005,0.2,0.95,7.0,0.0003,3DBall,/Users/mariamkamara/Desktop/Project2-1/ml-agents/Project/Build/3DBallBuild.app,500000,1,64.0,10000.0,2.0,8,16.0,Apple M3,16 GB,100.0,macOS-15.6.1-arm64-arm-64bit,mariamkamara
20251119-033647-3DBall-ppo-lr0.0003-bs2048,20251119-033647,ppo,2048,10240.0,0.0005,0.2,0.95,7.0,0.0003,3DBall,/Users/mariamkamara/Desktop/Project2-1/ml-agents/Project/Build/3DBallBuild.app,500000,1,64.0,10000.0,2.0,8,16.0,Apple M3,16 GB,100.0,macOS-15.6.1-arm64-arm-64bit,mariamkamara
20251119-034017-3DBall-ppo-lr0.0003-bs2048,20251119-034017,ppo,2048,10240.0,0.0005,0.2,0.95,7.0,0.0003,3DBall,/Users/mariamkamara/Desktop/Project2-1/ml-agents/Project/Build/3DBallBuild.app,500000,1,64.0,10000.0,2.0,8,16.0,Apple M3,16 GB,100.0,macOS-15.6.1-arm64-arm-64bit,mariamkamara
20251119-034348-3DBall-ppo-lr0.0003-bs2048,20251119-034348,ppo,2048,10240.0,0.0005,0.2,0.95,7.0,0.0003,3DBall,/Users/mariamkamara/Desktop/Project2-1/ml-agents/Project/Build/3DBallBuild.app,500000,1,64.0,10000.0,2.0,8,16.0,Apple M3,16 GB,100.0,macOS-15.6.1-arm64-arm-64bit,mariamkamara
20251119-034719-3DBall-ppo-lr0.0003-bs2048,20251119-034719,ppo,2048,10240.0,0.0005,0.2,0.95,7.0,0.0003,3DBall,/Users/mariamkamara/Desktop/Project2-1/ml-agents/Project/Build/3DBallBuild.app,500000,1,64.0,10000.0,2.0,8,16.0,Apple M3,16 GB,100.0,macOS-15.6.1-arm64-arm-64bit,mariamkamara
20251119-035050-3DBall-ppo-lr0.0003-bs2048,20251119-035050,ppo,2048,10240.0,0.0005,0.2,0.95,7.0,0.0003,3DBall,/Users/mariamkamara/Desktop/Project2-1/ml-agents/Project/Build/3DBallBuild.app,500000,1,64.0,10000.0,2.0,8,16.0,Apple M3,16 GB,100.0,macOS-15.6.1-arm64-arm-64bit,mariamkamara
20251119-035421-3DBall-ppo-lr0.0003-bs2048,20251119-035421,ppo,2048,10240.0,0.0005,0.2,0.95,7.0,0.0003,3DBall,/Users/mariamkamara/Desktop/Project2-1/ml-agents/Project/Build/3DBallBuild.app,500000,1,64.0,10000.0,2.0,8,16.0,Apple M3,16 GB,100.0,macOS-15.6.1-arm64-arm-64bit,mariamkamara
20251119-035803-3DBall-ppo-lr0.0003-bs2048,20251119-035803,ppo,2048,10240.0,0.0005,0.2,0.95,7.0,0.0003,3DBall,/Users/mariamkamara/Desktop/Project2-1/ml-agents/Project/Build/3DBallBuild.app,500000,1,64.0,10000.0,2.0,8,16.0,Apple M3,16 GB,100.0,macOS-15.6.1-arm64-arm-64bit,mariamkamara
20251119-040152-3DBall-ppo-lr0.0003-bs2048,20251119-040152,ppo,2048,10240.0,0.0005,0.2,0.95,7.0,0.0003,3DBall,/Users/mariamkamara/Desktop/Project2-1/ml-agents/Project/Build/3DBallBuild.app,500000,1,64.0,10000.0,2.0,8,16.0,Apple M3,16 GB,100.0,macOS-15.6.1-arm64-arm-64bit,mariamkamara
20251119-040527-3DBall-ppo-lr0.0003-bs2048,20251119-040527,ppo,2048,10240.0,0.0005,0.2,0.95,7.0,0.0003,3DBall,/Users/mariamkamara/Desktop/Project2-1/ml-agents/Project/Build/3DBallBuild.app,500000,1,64.0,10000.0,2.0,8,16.0,Apple M3,16 GB,100.0,macOS-15.6.1-arm64-arm-64bit,mariamkamara
20251119-040858-3DBall-ppo-lr0.0003-bs2048,20251119-040858,ppo,2048,10240.0,0.0005,0.2,0.95,8.0,0.0003,3DBall,/Users/mariamkamara/Desktop/Project2-1/ml-agents/Project/Build/3DBallBuild.app,500000,1,64.0,10000.0,2.0,8,16.0,Apple M3,16 GB,100.0,macOS-15.6.1-arm64-arm-64bit,mariamkamara
20251119-041236-3DBall-ppo-lr0.0003-bs2048,20251119-041236,ppo,2048,10240.0,0.0005,0.2,0.95,8.0,0.0003,3DBall,/Users/mariamkamara/Desktop/Project2-1/ml-agents/Project/Build/3DBallBuild.app,500000,1,64.0,10000.0,2.0,8,16.0,Apple M3,16 GB,100.0,macOS-15.6.1-arm64-arm-64bit,mariamkamara
20251119-041936-3DBall-ppo-lr0.0003-bs2048,20251119-041936,ppo,2048,10240.0,0.0005,0.2,0.95,8.0,0.0003,3DBall,/Users/mariamkamara/Desktop/Project2-1/ml-agents/Project/Build/3DBallBuild.app,500000,1,64.0,10000.0,2.0,8,16.0,Apple M3,16 GB,100.0,macOS-15.6.1-arm64-arm-64bit,mariamkamara
20251119-042748-3DBall-ppo-lr0.0003-bs2048,20251119-042748,ppo,2048,10240.0,0.0005,0.2,0.95,8.0,0.0003,3DBall,/Users/mariamkamara/Desktop/Project2-1/ml-agents/Project/Build/3DBallBuild.app,500000,1,64.0,10000.0,2.0,8,16.0,Apple M3,16 GB,100.0,macOS-15.6.1-arm64-arm-64bit,mariamkamara
20251119-043603-3DBall-ppo-lr0.0003-bs2048,20251119-043603,ppo,2048,10240.0,0.0005,0.2,0.95,8.0,0.0003,3DBall,/Users/mariamkamara/Desktop/Project2-1/ml-agents/Project/Build/3DBallBuild.app,500000,1,64.0,10000.0,2.0,8,16.0,Apple M3,16 GB,100.0,macOS-15.6.1-arm64-arm-64bit,mariamkamara
20251119-044415-3DBall-ppo-lr0.0003-bs2048,20251119-044415,ppo,2048,10240.0,0.0005,0.2,0.95,8.0,0.0003,3DBall,/Users/mariamkamara/Desktop/Project2-1/ml-agents/Project/Build/3DBallBuild.app,500000,1,64.0,10000.0,2.0,8,16.0,Apple M3,16 GB,100.0,macOS-15.6.1-arm64-arm-64bit,mariamkamara
20251119-045227-3DBall-ppo-lr0.0003-bs2048,20251119-045227,ppo,2048,10240.0,0.0005,0.2,0.95,8.0,0.0003,3DBall,/Users/mariamkamara/Desktop/Project2-1/ml-agents/Project/Build/3DBallBuild.app,500000,1,64.0,10000.0,2.0,8,16.0,Apple M3,16 GB,100.0,macOS-15.6.1-arm64-arm-64bit,mariamkamara
20251119-074402-3DBall-ppo-lr0.0003-bs2048,20251119-074402,ppo,2048,10240.0,0.0005,0.2,0.95,8.0,0.0003,3DBall,/Users/mariamkamara/Desktop/Project2-1/ml-agents/Project/Build/3DBallBuild.app,500000,1,64.0,10000.0,2.0,8,16.0,Apple M3,16 GB,100.0,macOS-15.6.1-arm64-arm-64bit,mariamkamara
20251119-074902-3DBall-ppo-lr0.0003-bs2048,20251119-074902,ppo,2048,10240.0,0.0005,0.2,0.95,8.0,0.0003,3DBall,/Users/mariamkamara/Desktop/Project2-1/ml-agents/Project/Build/3DBallBuild.app,500000,1,64.0,10000.0,2.0,8,16.0,Apple M3,16 GB,100.0,macOS-15.6.1-arm64-arm-64bit,mariamkamara
20251119-075237-3DBall-ppo-lr0.0003-bs2048,20251119-075237,ppo,2048,10240.0,0.0005,0.2,0.95,8.0,0.0003,3DBall,/Users/mariamkamara/Desktop/Project2-1/ml-agents/Project/Build/3DBallBuild.app,500000,1,64.0,10000.0,2.0,8,16.0,Apple M3,16 GB,100.0,macOS-15.6.1-arm64-arm-64bit,mariamkamara
20251119-075614-3DBall-ppo-lr0.0003-bs2048,20251119-075614,ppo,2048,10240.0,0.0005,0.2,0.95,9.0,0.0003,3DBall,/Users/mariamkamara/Desktop/Project2-1/ml-agents/Project/Build/3DBallBuild.app,500000,1,64.0,10000.0,2.0,8,16.0,Apple M3,16 GB,100.0,macOS-15.6.1-arm64-arm-64bit,mariamkamara
20251119-081456-3DBall-ppo-lr0.0003-bs2048,20251119-081456,ppo,2048,10240.0,0.0005,0.2,0.95,9.0,0.0003,3DBall,/Users/mariamkamara/Desktop/Project2-1/ml-agents/Project/Build/3DBallBuild.app,500000,1,64.0,10000.0,2.0,8,16.0,Apple M3,16 GB,100.0,macOS-15.6.1-arm64-arm-64bit,mariamkamara
20251119-083118-3DBall-ppo-lr0.0003-bs2048,20251119-083118,ppo,2048,10240.0,0.0005,0.2,0.95,9.0,0.0003,3DBall,/Users/mariamkamara/Desktop/Project2-1/ml-agents/Project/Build/3DBallBuild.app,500000,1,64.0,10000.0,2.0,8,16.0,Apple M3,16 GB,100.0,macOS-15.6.1-arm64-arm-64bit,mariamkamara
20251119-083515-3DBall-ppo-lr0.0003-bs2048,20251119-083515,ppo,2048,10240.0,0.0005,0.2,0.95,9.0,0.0003,3DBall,/Users/mariamkamara/Desktop/Project2-1/ml-agents/Project/Build/3DBallBuild.app,500000,1,64.0,10000.0,2.0,8,16.0,Apple M3,16 GB,100.0,macOS-15.6.1-arm64-arm-64bit,mariamkamara
20251119-083908-3DBall-ppo-lr0.0003-bs2048,20251119-083908,ppo,2048,10240.0,0.0005,0.2,0.95,9.0,0.0003,3DBall,/Users/mariamkamara/Desktop/Project2-1/ml-agents/Project/Build/3DBallBuild.app,500000,1,64.0,10000.0,2.0,8,16.0,Apple M3,16 GB,100.0,macOS-15.6.1-arm64-arm-64bit,mariamkamara
20251119-084302-3DBall-ppo-lr0.0003-bs2048,20251119-084302,ppo,2048,10240.0,0.0005,0.2,0.95,9.0,0.0003,3DBall,/Users/mariamkamara/Desktop/Project2-1/ml-agents/Project/Build/3DBallBuild.app,500000,1,64.0,10000.0,2.0,8,16.0,Apple M3,16 GB,100.0,macOS-15.6.1-arm64-arm-64bit,mariamkamara
20251119-084656-3DBall-ppo-lr0.0003-bs2048,20251119-084656,ppo,2048,10240.0,0.0005,0.2,0.95,9.0,0.0003,3DBall,/Users/mariamkamara/Desktop/Project2-1/ml-agents/Project/Build/3DBallBuild.app,500000,1,64.0,10000.0,2.0,8,16.0,Apple M3,16 GB,100.0,macOS-15.6.1-arm64-arm-64bit,mariamkamara
20251119-085046-3DBall-ppo-lr0.0003-bs2048,20251119-085046,ppo,2048,10240.0,0.0005,0.2,0.95,9.0,0.0003,3DBall,/Users/mariamkamara/Desktop/Project2-1/ml-agents/Project/Build/3DBallBuild.app,500000,1,64.0,10000.0,2.0,8,16.0,Apple M3,16 GB,100.0,macOS-15.6.1-arm64-arm-64bit,mariamkamara
20251119-085436-3DBall-ppo-lr0.0003-bs2048,20251119-085436,ppo,2048,10240.0,0.0005,0.2,0.95,9.0,0.0003,3DBall,/Users/mariamkamara/Desktop/Project2-1/ml-agents/Project/Build/3DBallBuild.app,500000,1,64.0,10000.0,2.0,8,16.0,Apple M3,16 GB,100.0,macOS-15.6.1-arm64-arm-64bit,mariamkamara
20251119-085824-3DBall-ppo-lr0.0003-bs2048,20251119-085824,ppo,2048,10240.0,0.0005,0.2,0.95,9.0,0.0003,3DBall,/Users/mariamkamara/Desktop/Project2-1/ml-agents/Project/Build/3DBallBuild.app,500000,1,64.0,10000.0,2.0,8,16.0,Apple M3,16 GB,100.0,macOS-15.6.1-arm64-arm-64bit,mariamkamara
20251119-090223-3DBall-ppo-lr0.0003-bs2048,20251119-090223,ppo,2048,10240.0,0.0005,0.2,0.95,10.0,0.0003,3DBall,/Users/mariamkamara/Desktop/Project2-1/ml-agents/Project/Build/3DBallBuild.app,500000,1,64.0,10000.0,2.0,8,16.0,Apple M3,16 GB,80.05,macOS-15.6.1-arm64-arm-64bit,mariamkamara
20251119-090623-3DBall-ppo-lr0.0003-bs2048,20251119-090623,ppo,2048,10240.0,0.0005,0.2,0.95,10.0,0.0003,3DBall,/Users/mariamkamara/Desktop/Project2-1/ml-agents/Project/Build/3DBallBuild.app,500000,1,64.0,10000.0,2.0,8,16.0,Apple M3,16 GB,80.05,macOS-15.6.1-arm64-arm-64bit,mariamkamara
20251119-091025-3DBall-ppo-lr0.0003-bs2048,20251119-091025,ppo,2048,10240.0,0.0005,0.2,0.95,10.0,0.0003,3DBall,/Users/mariamkamara/Desktop/Project2-1/ml-agents/Project/Build/3DBallBuild.app,500000,1,64.0,10000.0,2.0,8,16.0,Apple M3,16 GB,80.05,macOS-15.6.1-arm64-arm-64bit,mariamkamara
20251119-091424-3DBall-ppo-lr0.0003-bs2048,20251119-091424,ppo,2048,10240.0,0.0005,0.2,0.95,10.0,0.0003,3DBall,/Users/mariamkamara/Desktop/Project2-1/ml-agents/Project/Build/3DBallBuild.app,500000,1,64.0,10000.0,2.0,8,16.0,Apple M3,16 GB,80.05,macOS-15.6.1-arm64-arm-64bit,mariamkamara
20251119-091820-3DBall-ppo-lr0.0003-bs2048,20251119-091820,ppo,2048,10240.0,0.0005,0.2,0.95,10.0,0.0003,3DBall,/Users/mariamkamara/Desktop/Project2-1/ml-agents/Project/Build/3DBallBuild.app,500000,1,64.0,10000.0,2.0,8,16.0,Apple M3,16 GB,80.05,macOS-15.6.1-arm64-arm-64bit,mariamkamara
